{
    "id": "13406064",
    "exported_at": "2022-11-10T09:18:06.141707",
    "train_params": {
        "verbose": 1,
        "epochs": 25,
        "steps": 84
    },
    "final_stats": {
        "train_loss": 0.0013556715566664934,
        "train_accuracy": 1.0,
        "val_loss": 3.311608076095581,
        "val_accuracy": 0.5442177057266235
    },
    "train_history": {
        "loss": [
            1.8896528482437134,
            1.6685855388641357,
            1.5060267448425293,
            1.3759273290634155,
            1.3027039766311646,
            1.1680241823196411,
            1.0578240156173706,
            0.9518417716026306,
            0.8270537853240967,
            0.7008242011070251,
            0.601713240146637,
            0.43972182273864746,
            0.3262418210506439,
            0.23379695415496826,
            0.26010826230049133,
            0.1259438693523407,
            0.10628760606050491,
            0.03376931697130203,
            0.01454012282192707,
            0.010238953866064548,
            0.003948632627725601,
            0.002670771675184369,
            0.001946224132552743,
            0.001711615244857967,
            0.0013556715566664934
        ],
        "categorical_accuracy": [
            0.2563909888267517,
            0.3484962284564972,
            0.42781955003738403,
            0.4770676791667938,
            0.5180451273918152,
            0.5657894611358643,
            0.6048872470855713,
            0.6575188040733337,
            0.7030075192451477,
            0.74210524559021,
            0.7834586501121521,
            0.848872184753418,
            0.8845864534378052,
            0.9225564002990723,
            0.9078947305679321,
            0.959022581577301,
            0.969924807548523,
            0.9951127767562866,
            0.9992481470108032,
            0.9996240735054016,
            1.0,
            1.0,
            1.0,
            1.0,
            1.0
        ],
        "val_loss": [
            1.7466953992843628,
            1.613006353378296,
            1.5067164897918701,
            1.323467493057251,
            1.3155131340026855,
            1.4094247817993164,
            1.2562854290008545,
            1.2101452350616455,
            1.5602784156799316,
            1.4049513339996338,
            1.4140666723251343,
            1.5498547554016113,
            1.5833015441894531,
            1.8700108528137207,
            1.9876809120178223,
            2.1214964389801025,
            2.304910898208618,
            2.513627529144287,
            2.808793544769287,
            2.887556314468384,
            2.997159481048584,
            3.0932116508483887,
            3.176114082336426,
            3.2418110370635986,
            3.311608076095581
        ],
        "val_categorical_accuracy": [
            0.28798186779022217,
            0.402494341135025,
            0.4183673560619354,
            0.5,
            0.5045351386070251,
            0.4682539701461792,
            0.5374149680137634,
            0.5555555820465088,
            0.48866212368011475,
            0.5487528443336487,
            0.5476190447807312,
            0.5272108912467957,
            0.5634920597076416,
            0.5351473689079285,
            0.5396825671195984,
            0.5498866438865662,
            0.5498866438865662,
            0.5464852452278137,
            0.5340136289596558,
            0.5328798294067383,
            0.5408163070678711,
            0.5442177057266235,
            0.5532879829406738,
            0.5396825671195984,
            0.5442177057266235
        ]
    }
}